{"stats":{"minecraft:custom":{"minecraft:time_since_rest":24474,"minecraft:crouch_one_cm":79,"minecraft:play_time":31841,"minecraft:sprint_one_cm":25683,"minecraft:walk_one_cm":42476,"minecraft:damage_taken":790,"minecraft:deaths":3,"minecraft:sneak_time":464,"minecraft:drop":1,"minecraft:jump":89,"minecraft:leave_game":1,"minecraft:time_since_death":24431,"minecraft:total_world_time":31841,"minecraft:interact_with_crafting_table":1,"minecraft:fall_one_cm":2150,"minecraft:fly_one_cm":163265},"minecraft:dropped":{"minecolonies:supplycampdeployer":1},"minecraft:killed_by":{"minecraft:spider":2,"minecraft:zombie":1},"minecraft:used":{"minecraft:dirt":1,"minecraft:crafting_table":1,"minecraft:grass_block":157},"minecraft:mined":{"minecraft:grass_block":1},"minecraft:picked_up":{"minecolonies:supplycampdeployer":2,"securitycraft:trophy_system":1,"minecraft:dirt":1,"securitycraft:sentry":2}},"DataVersion":2975}