{"stats":{"minecraft:used":{"minecraft:netherite_axe":2,"minecraft:spyglass":3},"minecraft:killed":{"minecraft:skeleton":2,"minecraft:chicken":1,"minecraft:creeper":1},"minecraft:picked_up":{"minecraft:chicken":1,"minecraft:feather":2,"minecraft:arrow":2,"minecraft:gunpowder":1,"minecraft:sweet_berries":2},"minecraft:custom":{"minecraft:jump":73,"minecraft:open_chest":3,"minecraft:time_since_rest":18302,"minecraft:damage_dealt":640,"minecraft:sprint_one_cm":137,"minecraft:leave_game":4,"minecraft:play_time":18302,"minecraft:damage_taken":60,"minecraft:time_since_death":18302,"minecraft:walk_one_cm":37399,"minecraft:total_world_time":18302,"minecraft:mob_kills":4,"minecraft:fall_one_cm":1305}},"DataVersion":3120}