{"stats":{"minecraft:dropped":{"minecraft:wooden_axe":1,"minecraft:wooden_shovel":2},"minecraft:picked_up":{"minecraft:wooden_axe":1,"minecraft:birch_log":83,"minecraft:stick":22,"minecraft:crafting_table":1,"minecraft:copper_ingot":1,"minecraft:sand":19,"minecraft:spider_eye":1,"minecraft:rotten_flesh":4,"minecraft:wooden_shovel":2,"minecraft:sugar_cane":2,"minecraft:birch_sapling":31},"minecraft:used":{"minecraft:netherite_axe":120,"minecraft:wooden_shovel":3,"minecraft:rotten_flesh":4,"minecraft:crafting_table":1},"minecraft:crafted":{"minecraft:wooden_sword":4,"minecraft:wooden_shovel":11,"minecraft:crafting_table":1,"minecraft:stick":8,"minecraft:wooden_axe":2,"minecraft:birch_planks":256},"minecraft:killed":{"minecraft:zombie":1,"minecraft:spider":1,"minecraft:drowned":4},"minecraft:mined":{"minecraft:birch_log":83,"minecraft:crafting_table":1,"minecraft:sand":5,"minecraft:sugar_cane":1},"minecraft:custom":{"minecraft:time_since_rest":59296,"minecraft:sprint_one_cm":12447,"minecraft:damage_taken":375,"minecraft:walk_one_cm":61210,"minecraft:mob_kills":6,"minecraft:drop":3,"minecraft:damage_dealt":1357,"minecraft:swim_one_cm":10839,"minecraft:interact_with_crafting_table":3,"minecraft:fly_one_cm":85362,"minecraft:crouch_one_cm":5,"minecraft:play_time":59296,"minecraft:sneak_time":9,"minecraft:walk_under_water_one_cm":3310,"minecraft:jump":282,"minecraft:leave_game":7,"minecraft:walk_on_water_one_cm":4534,"minecraft:time_since_death":59296,"minecraft:total_world_time":59296,"minecraft:fall_one_cm":2566}},"DataVersion":3120}