{"stats":{"minecraft:used":{"minecraft:wooden_axe":62,"minecraft:lantern":1,"minecraft:bread":14,"minecraft:wooden_pickaxe":20,"minecraft:stone_axe":19,"minecraft:crafting_table":4,"minecraft:oak_boat":1,"minecraft:white_bed":6},"minecraft:picked_up":{"minecraft:book":30,"minecraft:stick":6,"minecraft:crafting_table":4,"minecraft:feather":2,"minecraft:chicken":1,"minecraft:pumpkin":8,"minecraft:leather":3,"minecraft:acacia_log":8,"minecraft:oak_log":21,"minecraft:white_bed":7,"minecraft:string":1,"minecraft:lantern":1,"minecraft:cooked_mutton":1,"minecraft:arrow":2,"minecraft:bone":1,"minecraft:apple":1,"minecraft:wheat_seeds":5,"minecraft:hay_block":61,"minecraft:beef":9,"minecraft:emerald":1,"minecraft:bread":1,"minecraft:oak_sapling":8,"minecraft:acacia_sapling":2,"minecraft:mutton":5,"minecraft:skeleton_skull":1,"minecraft:white_wool":3,"minecraft:cobblestone":13,"minecraft:egg":2},"minecraft:mined":{"minecraft:skeleton_skull":1,"minecraft:hay_block":61,"minecraft:white_bed":6,"minecraft:pumpkin":9,"minecraft:crafting_table":4,"minecraft:grass":13,"minecraft:acacia_log":8,"minecraft:bookshelf":10,"minecraft:oak_log":21,"minecraft:tall_grass":38,"minecraft:stone":13,"minecraft:oak_leaves":2,"minecraft:fern":2},"minecraft:killed":{"minecraft:sheep":3,"minecraft:chicken":1,"minecraft:spider":1,"minecraft:cow":4},"minecraft:dropped":{"minecraft:white_bed":1},"minecraft:crafted":{"minecraft:oak_boat":1,"minecraft:oak_planks":32,"minecraft:crafting_table":1,"minecraft:stick":4,"minecraft:stone_pickaxe":1,"minecraft:wooden_pickaxe":1,"minecraft:wooden_axe":1,"minecraft:stone_axe":1,"minecraft:bread":167,"minecraft:wheat":549},"minecraft:custom":{"minecraft:time_since_rest":10766,"minecraft:sprint_one_cm":283224,"minecraft:damage_taken":140,"minecraft:walk_one_cm":363176,"minecraft:mob_kills":10,"minecraft:drop":1,"minecraft:damage_dealt":928,"minecraft:swim_one_cm":22312,"minecraft:interact_with_crafting_table":10,"minecraft:talked_to_villager":1,"minecraft:fly_one_cm":495219,"minecraft:open_chest":3,"minecraft:play_time":72018,"minecraft:crouch_one_cm":1683,"minecraft:sneak_time":514,"minecraft:walk_under_water_one_cm":2055,"minecraft:boat_one_cm":41936,"minecraft:jump":1119,"minecraft:leave_game":4,"minecraft:time_since_death":72018,"minecraft:walk_on_water_one_cm":14961,"minecraft:sleep_in_bed":5,"minecraft:total_world_time":72018,"minecraft:climb_one_cm":4599,"minecraft:fall_one_cm":18342}},"DataVersion":3120}