{"stats":{"minecraft:used":{"minecraft:rotten_flesh":4,"minecraft:netherite_axe":119},"minecraft:killed":{"minecraft:spider":1,"minecraft:drowned":4,"minecraft:zombie":1},"minecraft:picked_up":{"minecraft:birch_log":83,"minecraft:stick":22,"minecraft:rotten_flesh":4,"minecraft:copper_ingot":1,"minecraft:sand":16,"minecraft:sugar_cane":2,"minecraft:birch_sapling":31,"minecraft:spider_eye":1},"minecraft:mined":{"minecraft:sand":2,"minecraft:birch_log":83,"minecraft:sugar_cane":1},"minecraft:custom":{"minecraft:time_since_rest":52483,"minecraft:crouch_one_cm":5,"minecraft:play_time":52483,"minecraft:sprint_one_cm":12447,"minecraft:damage_taken":375,"minecraft:walk_one_cm":53213,"minecraft:sneak_time":8,"minecraft:walk_under_water_one_cm":3310,"minecraft:mob_kills":6,"minecraft:jump":277,"minecraft:damage_dealt":1357,"minecraft:leave_game":6,"minecraft:time_since_death":52483,"minecraft:walk_on_water_one_cm":4534,"minecraft:total_world_time":52483,"minecraft:swim_one_cm":10839,"minecraft:fall_one_cm":2566,"minecraft:fly_one_cm":85362}},"DataVersion":3120}