{"stats":{"minecraft:picked_up":{"minecraft:skeleton_skull":1,"minecraft:book":30},"minecraft:mined":{"minecraft:bookshelf":10,"minecraft:skeleton_skull":1},"minecraft:custom":{"minecraft:jump":90,"minecraft:open_chest":2,"minecraft:time_since_rest":4834,"minecraft:leave_game":1,"minecraft:crouch_one_cm":609,"minecraft:damage_taken":10,"minecraft:sprint_one_cm":10135,"minecraft:play_time":4834,"minecraft:walk_on_water_one_cm":265,"minecraft:time_since_death":4834,"minecraft:walk_one_cm":62088,"minecraft:sneak_time":112,"minecraft:total_world_time":4834,"minecraft:walk_under_water_one_cm":34,"minecraft:swim_one_cm":6434,"minecraft:fall_one_cm":1229,"minecraft:fly_one_cm":26909}},"DataVersion":3120}