{"stats":{"minecraft:used":{"minecraft:rotten_flesh":3,"minecraft:netherite_axe":44},"minecraft:killed":{"minecraft:spider":1,"minecraft:drowned":4,"minecraft:zombie":1},"minecraft:picked_up":{"minecraft:birch_log":19,"minecraft:stick":8,"minecraft:rotten_flesh":4,"minecraft:copper_ingot":1,"minecraft:sand":16,"minecraft:sugar_cane":2,"minecraft:birch_sapling":12,"minecraft:spider_eye":1},"minecraft:mined":{"minecraft:sand":2,"minecraft:birch_log":19,"minecraft:sugar_cane":1},"minecraft:custom":{"minecraft:time_since_rest":43303,"minecraft:crouch_one_cm":5,"minecraft:sprint_one_cm":4611,"minecraft:play_time":43303,"minecraft:damage_taken":375,"minecraft:walk_one_cm":21613,"minecraft:sneak_time":8,"minecraft:walk_under_water_one_cm":3207,"minecraft:mob_kills":6,"minecraft:jump":97,"minecraft:damage_dealt":1257,"minecraft:leave_game":5,"minecraft:walk_on_water_one_cm":3072,"minecraft:time_since_death":43303,"minecraft:total_world_time":43303,"minecraft:swim_one_cm":6816,"minecraft:fall_one_cm":627,"minecraft:fly_one_cm":33941}},"DataVersion":3120}