{"stats":{"minecraft:picked_up":{"minecraft:crafting_table":1,"minecraft:stick":1,"minecraft:spruce_sapling":3,"minecraft:spruce_log":15},"minecraft:custom":{"minecraft:jump":129,"minecraft:time_since_rest":7859,"minecraft:leave_game":1,"minecraft:sprint_one_cm":12208,"minecraft:play_time":7859,"minecraft:time_since_death":7859,"minecraft:walk_one_cm":17105,"minecraft:total_world_time":7859,"minecraft:interact_with_crafting_table":2,"minecraft:fall_one_cm":3044,"minecraft:fly_one_cm":28138},"minecraft:crafted":{"minecraft:crafting_table":1,"minecraft:spruce_planks":12,"minecraft:stick":4,"minecraft:wooden_axe":1},"minecraft:used":{"minecraft:wooden_axe":15,"minecraft:crafting_table":1},"minecraft:mined":{"minecraft:spruce_log":15,"minecraft:crafting_table":1}},"DataVersion":2975}