{"stats":{"minecraft:picked_up":{"minecraft:stick":12,"minecraft:crafting_table":2,"biomesoplenty:willow_log":82,"biomesoplenty:spanish_moss":44,"biomesoplenty:willow_sapling":19,"minecraft:sand":3,"minecraft:dirt":2},"minecraft:crafted":{"biomesoplenty:willow_planks":12,"minecraft:crafting_table":1,"minecraft:stick":4,"minecraft:wooden_axe":2},"minecraft:mined":{"minecraft:grass":5,"minecraft:grass_block":2,"minecraft:sand":3,"biomesoplenty:willow_log":82,"minecraft:crafting_table":2,"minecraft:fern":5},"minecraft:used":{"minecraft:wooden_axe":91,"biomesoplenty:willow_log":300,"minecraft:sand":97,"minecraft:crafting_table":2},"minecraft:broken":{"minecraft:wooden_axe":1},"minecraft:custom":{"minecraft:time_since_rest":30072,"minecraft:crouch_one_cm":969,"minecraft:sprint_one_cm":20977,"minecraft:play_time":30072,"minecraft:walk_one_cm":97020,"minecraft:sneak_time":715,"minecraft:walk_under_water_one_cm":8088,"minecraft:jump":199,"minecraft:damage_dealt":49,"minecraft:walk_on_water_one_cm":25394,"minecraft:leave_game":2,"minecraft:time_since_death":30072,"minecraft:total_world_time":30072,"minecraft:swim_one_cm":2114,"minecraft:fall_one_cm":1730,"minecraft:fly_one_cm":48541,"minecraft:interact_with_crafting_table":2}},"DataVersion":2975}