{"stats":{"minecraft:killed":{"minecraft:skeleton":1,"minecraft:sheep":3,"minecraft:pig":3,"minecraft:cod":3},"minecraft:custom":{"minecraft:time_since_rest":51165,"minecraft:sprint_one_cm":6136,"minecraft:walk_one_cm":68194,"minecraft:mob_kills":11,"minecraft:drop":6,"minecraft:damage_dealt":845,"minecraft:swim_one_cm":3255,"minecraft:interact_with_crafting_table":1,"minecraft:fly_one_cm":179292,"minecraft:crouch_one_cm":392,"minecraft:play_time":51165,"minecraft:sneak_time":900,"minecraft:walk_under_water_one_cm":7595,"minecraft:jump":230,"minecraft:leave_game":4,"minecraft:walk_on_water_one_cm":492,"minecraft:time_since_death":51165,"minecraft:total_world_time":51165,"minecraft:fall_one_cm":3576},"minecraft:dropped":{"securitycraft:trophy_system":1,"minecraft:mutton":4,"minecolonies:supplycampdeployer":1,"securitycraft:sentry":2,"minecraft:grass_block":1},"minecraft:used":{"securitycraft:trophy_system":6,"minecraft:wooden_axe":32,"minecraft:acacia_log":1,"minecraft:grass_block":84,"minecraft:zombie_spawn_egg":7,"securitycraft:sentry":2,"minecraft:crafting_table":1,"minecolonies:amazonchiefegg":6,"minecraft:acacia_planks":6,"minecolonies:mercegg":2},"minecraft:mined":{"minecraft:crafting_table":1,"minecraft:grass":14,"minecraft:acacia_log":20},"minecraft:crafted":{"minecraft:crafting_table":1,"minecraft:stick":4,"minecraft:wooden_axe":1,"minecraft:acacia_planks":12},"minecraft:picked_up":{"minecraft:stick":5,"minecraft:crafting_table":1,"minecraft:acacia_log":20,"minecraft:porkchop":3,"securitycraft:trophy_system":2,"minecraft:grass_block":1,"securitycraft:sentry":1,"minecraft:bone":1,"minecraft:arrow":1,"minecraft:rotten_flesh":1,"minecraft:wheat_seeds":3,"minecraft:mutton":8,"minecraft:acacia_sapling":6,"minecraft:white_wool":3}},"DataVersion":2975}