{"stats":{"minecraft:custom":{"minecraft:jump":47,"minecraft:time_since_rest":40106,"minecraft:damage_dealt":210,"minecraft:crouch_one_cm":500,"minecraft:sprint_one_cm":1673,"minecraft:leave_game":2,"minecraft:play_time":40106,"minecraft:walk_on_water_one_cm":5134,"minecraft:time_since_death":40106,"minecraft:walk_one_cm":10430,"minecraft:sneak_time":84,"minecraft:total_world_time":40106,"minecraft:mob_kills":1,"minecraft:fly_one_cm":4140},"minecraft:used":{"minecraft:sand":2,"minecraft:spyglass":3},"minecraft:killed":{"minecraft:creeper":1},"minecraft:picked_up":{"minecraft:gunpowder":1,"minecraft:kelp":1}},"DataVersion":3120}