{"stats":{"minecraft:used":{"minecraft:wooden_axe":11,"minecraft:crafting_table":2,"minecraft:oak_boat":1,"minecraft:egg":1},"minecraft:picked_up":{"minecraft:stick":2,"minecraft:allium":1,"minecraft:crafting_table":2,"minecraft:clay_ball":3,"minecraft:oak_boat":1,"minecraft:lily_pad":18,"minecraft:oak_log":9,"minecraft:oak_sapling":5,"minecraft:dirt":1,"minecraft:egg":1},"minecraft:mined":{"minecraft:grass_block":1,"minecraft:grass":3,"minecraft:oak_log":9,"minecraft:crafting_table":2},"minecraft:crafted":{"minecraft:oak_boat":1,"minecraft:oak_planks":36,"minecraft:crafting_table":1,"minecraft:stick":4,"minecraft:wooden_axe":1},"minecraft:custom":{"minecraft:time_since_rest":10051,"minecraft:crouch_one_cm":2020,"minecraft:sprint_one_cm":61065,"minecraft:play_time":18766,"minecraft:damage_taken":85,"minecraft:walk_one_cm":120303,"minecraft:sneak_time":655,"minecraft:walk_under_water_one_cm":411,"minecraft:boat_one_cm":101810,"minecraft:jump":108,"minecraft:damage_dealt":10,"minecraft:walk_on_water_one_cm":1923,"minecraft:leave_game":3,"minecraft:time_since_death":18766,"minecraft:sleep_in_bed":1,"minecraft:total_world_time":18766,"minecraft:talked_to_villager":1,"minecraft:fall_one_cm":687,"minecraft:swim_one_cm":5901,"minecraft:interact_with_crafting_table":3,"minecraft:fly_one_cm":28079}},"DataVersion":3120}