{
  "astikorcarts:recipes/plow": {
    "criteria": {
      "has_wheel": "2024-05-19 19:59:12 +0000"
    },
    "done": true
  },
  "astikorcarts:recipes/supply_cart": {
    "criteria": {
      "has_wheel": "2024-05-19 19:59:12 +0000"
    },
    "done": true
  },
  "astikorcarts:recipes/animal_cart": {
    "criteria": {
      "has_wheel": "2024-05-19 19:59:12 +0000"
    },
    "done": true
  },
  "minecraft:adventure/adventuring_time": {
    "criteria": {
      "minecraft:forest": "2024-05-19 19:59:13 +0000"
    },
    "done": false
  },
  "DataVersion": 3120
}