{
  "astikorcarts:recipes/plow": {
    "criteria": {
      "has_wheel": "2024-05-19 20:48:11 +0000"
    },
    "done": true
  },
  "astikorcarts:recipes/supply_cart": {
    "criteria": {
      "has_wheel": "2024-05-19 20:48:11 +0000"
    },
    "done": true
  },
  "astikorcarts:recipes/animal_cart": {
    "criteria": {
      "has_wheel": "2024-05-19 20:48:11 +0000"
    },
    "done": true
  },
  "minecraft:adventure/adventuring_time": {
    "criteria": {
      "minecraft:birch_forest": "2024-05-19 20:48:12 +0000",
      "minecraft:beach": "2024-05-19 20:48:30 +0000",
      "minecraft:river": "2024-05-19 20:50:25 +0000"
    },
    "done": false
  },
  "DataVersion": 3120
}