{
  "astikorcarts:recipes/plow": {
    "criteria": {
      "has_wheel": "2024-05-19 20:07:32 +0000"
    },
    "done": true
  },
  "astikorcarts:recipes/supply_cart": {
    "criteria": {
      "has_wheel": "2024-05-19 20:07:32 +0000"
    },
    "done": true
  },
  "astikorcarts:recipes/animal_cart": {
    "criteria": {
      "has_wheel": "2024-05-19 20:07:32 +0000"
    },
    "done": true
  },
  "minecraft:adventure/adventuring_time": {
    "criteria": {
      "minecraft:old_growth_spruce_taiga": "2024-05-19 20:07:34 +0000"
    },
    "done": false
  },
  "DataVersion": 3120
}